model,dataset,seed,corruption,s1,s2,s3,s4,s5,mean
baseline_res18,cifar100,17,gaussian_noise,51.01,40.32,30.99,26.05,22.84,34.242
baseline_res18,cifar100,17,shot_noise,55.45,50.01,37.53,32.37,25.25,40.122
baseline_res18,cifar100,17,impulse_noise,53.84,44.38,35.07,21.88,14.1,33.854
baseline_res18,cifar100,17,defocus_blur,61.99,59.26,54.28,47.72,37.53,52.156
baseline_res18,cifar100,17,glass_blur,36.65,36.95,40.05,27.69,29.35,34.138
baseline_res18,cifar100,17,motion_blur,56.4,50.4,44.43,44.31,38.75,46.858
baseline_res18,cifar100,17,zoom_blur,53.64,51.54,48.35,45.37,40.72,47.924
baseline_res18,cifar100,17,snow,56.69,47.37,47.58,44.13,40.92,47.338
baseline_res18,cifar100,17,frost,56.28,51.16,43.64,42.9,36.51,46.098
baseline_res18,cifar100,17,fog,60.97,56.58,51.78,45.71,30.1,49.028
baseline_res18,cifar100,17,brightness,61.8,60.63,59.19,57.18,51.33,58.026
baseline_res18,cifar100,17,contrast,60.39,52.07,45.68,36.38,15.39,41.982
baseline_res18,cifar100,17,elastic_transform,54.17,54.07,50.95,47.97,44.98,50.428
baseline_res18,cifar100,17,pixelate,59.73,54.48,51.64,42.3,28.2,47.27
baseline_res18,cifar100,17,jpeg_compression,56.35,52.87,51.29,49.33,47.68,51.504
baseline_res18,cifar10,17,gaussian_noise,78.26,68.24,56.73,50.51,45.65,59.878
baseline_res18,cifar10,17,shot_noise,81.62,76.59,64.02,58.62,49.29,66.028
baseline_res18,cifar10,17,impulse_noise,80.82,74.25,66.33,49.05,34.61,61.012
baseline_res18,cifar10,17,defocus_blur,85.83,84.25,79.31,71.2,56.04,75.326
baseline_res18,cifar10,17,glass_blur,53.11,54.45,58.34,43.06,45.61,50.914
baseline_res18,cifar10,17,motion_blur,80.28,72.19,64.55,64.11,57.0,67.626
baseline_res18,cifar10,17,zoom_blur,78.1,75.54,71.13,66.18,59.18,70.026
baseline_res18,cifar10,17,snow,80.78,69.47,72.43,69.94,65.8,71.684
baseline_res18,cifar10,17,frost,82.23,77.2,67.92,66.79,58.13,70.454
baseline_res18,cifar10,17,fog,85.39,82.96,79.46,74.45,56.99,75.85
baseline_res18,cifar10,17,brightness,86.14,85.62,85.05,84.14,80.99,84.388
baseline_res18,cifar10,17,contrast,84.77,77.71,70.76,57.28,28.08,63.72
baseline_res18,cifar10,17,elastic_transform,79.92,79.79,76.71,72.29,68.46,75.434
baseline_res18,cifar10,17,pixelate,83.83,79.85,76.87,67.02,51.18,71.75
baseline_res18,cifar10,17,jpeg_compression,82.11,79.39,78.51,77.35,75.07,78.486
baseline_res50,cifar100,17,gaussian_noise,47.19,38.38,29.27,24.84,22.06,32.348
baseline_res50,cifar100,17,shot_noise,52.36,47.22,35.1,30.62,24.06,37.872
baseline_res50,cifar100,17,impulse_noise,50.73,41.9,33.29,21.62,15.23,32.554
baseline_res50,cifar100,17,defocus_blur,57.41,54.63,48.85,43.11,33.0,47.4
baseline_res50,cifar100,17,glass_blur,36.53,37.16,39.4,29.03,30.72,34.568
baseline_res50,cifar100,17,motion_blur,51.85,46.35,40.88,40.26,35.71,43.01
baseline_res50,cifar100,17,zoom_blur,49.7,47.56,44.46,40.93,36.93,43.916
baseline_res50,cifar100,17,snow,53.48,44.59,45.76,41.32,36.8,44.39
baseline_res50,cifar100,17,frost,51.76,46.03,39.16,38.42,31.81,41.436
baseline_res50,cifar100,17,fog,56.42,50.02,44.83,37.18,22.99,42.288
baseline_res50,cifar100,17,brightness,57.97,56.85,54.59,51.81,45.14,53.272
baseline_res50,cifar100,17,contrast,55.19,43.66,36.25,26.56,10.25,34.382
baseline_res50,cifar100,17,elastic_transform,49.66,49.4,45.93,44.23,42.12,46.268
baseline_res50,cifar100,17,pixelate,56.56,52.56,51.2,44.87,34.23,47.884
baseline_res50,cifar100,17,jpeg_compression,52.98,49.9,49.17,47.6,45.53,49.036
baseline_res50,cifar10,17,gaussian_noise,77.47,66.7,52.75,45.24,39.69,56.37
baseline_res50,cifar10,17,shot_noise,81.62,75.93,62.29,55.46,44.47,63.954
baseline_res50,cifar10,17,impulse_noise,81.82,75.93,68.65,50.49,33.4,62.058
baseline_res50,cifar10,17,defocus_blur,86.18,83.81,78.14,68.48,51.01,73.524
baseline_res50,cifar10,17,glass_blur,48.79,50.74,55.06,38.72,42.83,47.228
baseline_res50,cifar10,17,motion_blur,79.54,70.28,62.19,61.78,54.19,65.596
baseline_res50,cifar10,17,zoom_blur,76.55,73.45,68.43,62.58,55.43,67.288
baseline_res50,cifar10,17,snow,79.98,68.59,72.03,68.29,63.92,70.562
baseline_res50,cifar10,17,frost,81.62,75.07,66.94,66.1,56.14,69.174
baseline_res50,cifar10,17,fog,85.9,82.96,79.43,74.54,56.04,75.774
baseline_res50,cifar10,17,brightness,86.29,85.81,84.48,83.47,80.07,84.024
baseline_res50,cifar10,17,contrast,84.98,77.66,70.85,57.93,29.97,64.278
baseline_res50,cifar10,17,elastic_transform,78.83,79.06,75.11,69.77,65.99,73.752
baseline_res50,cifar10,17,pixelate,83.63,79.09,75.33,62.72,45.92,69.338
baseline_res50,cifar10,17,jpeg_compression,81.88,79.21,77.74,76.09,73.64,77.712
shape_res18,cifar100,17,gaussian_noise,53.51,44.23,35.39,31.48,28.24,38.57
shape_res18,cifar100,17,shot_noise,57.73,52.9,42.14,36.74,31.43,44.188
shape_res18,cifar100,17,impulse_noise,52.09,42.29,33.01,21.85,14.98,32.844
shape_res18,cifar100,17,defocus_blur,62.16,60.14,57.34,53.8,43.5,55.388
shape_res18,cifar100,17,glass_blur,43.54,44.23,45.61,31.71,33.44,39.706
shape_res18,cifar100,17,motion_blur,58.47,53.97,48.44,48.39,43.5,50.554
shape_res18,cifar100,17,zoom_blur,56.77,55.8,53.6,51.18,47.4,52.95
shape_res18,cifar100,17,snow,58.17,51.76,49.21,45.46,43.45,49.61
shape_res18,cifar100,17,frost,58.25,52.81,47.22,46.33,41.08,49.138
shape_res18,cifar100,17,fog,61.0,55.28,48.91,39.49,23.18,45.572
shape_res18,cifar100,17,brightness,62.14,60.98,58.83,56.54,50.53,57.804
shape_res18,cifar100,17,contrast,60.39,52.34,46.22,37.99,21.77,43.742
shape_res18,cifar100,17,elastic_transform,55.77,56.28,54.41,49.7,43.62,51.956
shape_res18,cifar100,17,pixelate,61.26,59.85,59.47,56.72,52.46,57.952
shape_res18,cifar100,17,jpeg_compression,55.79,53.02,51.2,50.41,49.05,51.894
shape_res18,cifar10,17,gaussian_noise,83.89,78.91,72.94,69.41,65.72,74.174
shape_res18,cifar10,17,shot_noise,85.37,83.41,76.79,73.26,67.84,77.334
shape_res18,cifar10,17,impulse_noise,82.94,78.7,73.43,62.46,51.69,69.844
shape_res18,cifar10,17,defocus_blur,85.84,83.81,80.08,75.37,65.05,78.03
shape_res18,cifar10,17,glass_blur,73.47,74.52,75.23,61.41,64.33,69.792
shape_res18,cifar10,17,motion_blur,81.14,75.98,69.31,69.65,63.69,71.954
shape_res18,cifar10,17,zoom_blur,79.67,78.12,75.13,72.58,68.19,74.738
shape_res18,cifar10,17,snow,83.99,78.96,77.68,73.52,73.29,77.488
shape_res18,cifar10,17,frost,84.22,80.46,75.58,75.75,70.3,77.262
shape_res18,cifar10,17,fog,85.25,81.62,76.23,67.59,46.79,71.496
shape_res18,cifar10,17,brightness,86.12,85.58,84.82,83.68,80.85,84.21
shape_res18,cifar10,17,contrast,85.37,79.27,74.44,68.22,52.64,71.988
shape_res18,cifar10,17,elastic_transform,80.7,80.48,77.58,72.99,69.6,76.27
shape_res18,cifar10,17,pixelate,85.52,84.11,83.42,80.78,76.52,82.07
shape_res18,cifar10,17,jpeg_compression,84.24,82.22,81.54,80.68,79.65,81.666
shape_res50,cifar100,17,gaussian_noise,56.46,49.83,41.12,36.67,32.55,43.326
shape_res50,cifar100,17,shot_noise,59.38,56.43,47.83,43.52,35.68,48.568
shape_res50,cifar100,17,impulse_noise,55.62,47.64,38.94,26.95,18.72,37.574
shape_res50,cifar100,17,defocus_blur,62.02,59.87,56.96,53.32,43.76,55.186
shape_res50,cifar100,17,glass_blur,45.29,46.29,47.03,34.68,35.94,41.846
shape_res50,cifar100,17,motion_blur,58.31,54.22,48.77,48.76,44.28,50.868
shape_res50,cifar100,17,zoom_blur,56.34,55.29,52.61,50.63,47.2,52.414
shape_res50,cifar100,17,snow,58.57,52.99,50.62,46.69,43.4,50.454
shape_res50,cifar100,17,frost,57.88,51.98,45.49,45.05,40.35,48.15
shape_res50,cifar100,17,fog,60.01,53.63,46.5,38.17,21.3,43.922
shape_res50,cifar100,17,brightness,61.97,60.67,58.7,55.92,48.75,57.202
shape_res50,cifar100,17,contrast,59.91,49.72,42.51,33.42,15.98,40.308
shape_res50,cifar100,17,elastic_transform,55.44,56.28,54.68,49.62,43.86,51.976
shape_res50,cifar100,17,pixelate,61.32,60.31,59.75,57.22,54.3,58.58
shape_res50,cifar100,17,jpeg_compression,57.14,53.9,52.95,52.29,50.32,53.32
shape_res50,cifar10,17,gaussian_noise,82.54,79.05,73.63,70.43,67.94,74.718
shape_res50,cifar10,17,shot_noise,84.18,82.61,77.21,74.39,69.4,77.558
shape_res50,cifar10,17,impulse_noise,81.97,78.0,72.97,63.16,53.87,69.994
shape_res50,cifar10,17,defocus_blur,84.84,83.56,81.41,78.18,68.31,79.26
shape_res50,cifar10,17,glass_blur,73.38,73.58,73.6,63.5,63.41,69.494
shape_res50,cifar10,17,motion_blur,81.91,75.96,69.63,70.2,63.49,72.238
shape_res50,cifar10,17,zoom_blur,80.1,79.2,76.91,74.38,70.26,76.17
shape_res50,cifar10,17,snow,82.19,77.21,75.91,71.37,69.3,75.196
shape_res50,cifar10,17,frost,81.15,76.75,70.67,70.86,65.29,72.944
shape_res50,cifar10,17,fog,84.1,78.74,72.51,62.74,42.25,68.068
shape_res50,cifar10,17,brightness,84.55,83.79,82.78,80.85,76.12,81.618
shape_res50,cifar10,17,contrast,82.82,74.61,69.63,63.77,51.55,68.476
shape_res50,cifar10,17,elastic_transform,80.12,80.11,78.16,73.94,69.79,76.424
shape_res50,cifar10,17,pixelate,84.25,83.56,83.26,81.88,78.97,82.384
shape_res50,cifar10,17,jpeg_compression,83.2,81.49,81.11,80.58,78.9,81.056
baseline_res18,cifar100,23,gaussian_noise,51.71,42.09,32.69,27.76,24.52,35.754
baseline_res18,cifar100,23,shot_noise,56.52,50.47,38.47,34.01,26.97,41.288
baseline_res18,cifar100,23,impulse_noise,54.68,44.43,35.77,23.46,16.17,34.902
baseline_res18,cifar100,23,defocus_blur,61.52,58.91,53.95,48.08,36.98,51.888
baseline_res18,cifar100,23,glass_blur,37.93,39.12,41.27,28.13,30.45,35.38
baseline_res18,cifar100,23,motion_blur,55.93,50.05,43.98,43.68,38.29,46.386
baseline_res18,cifar100,23,zoom_blur,53.08,51.52,48.04,44.62,39.95,47.442
baseline_res18,cifar100,23,snow,57.2,49.34,48.93,46.17,43.26,48.98
baseline_res18,cifar100,23,frost,57.37,52.24,45.11,43.99,37.39,47.22
baseline_res18,cifar100,23,fog,60.67,56.12,51.62,45.05,30.08,48.708
baseline_res18,cifar100,23,brightness,61.47,60.35,58.89,56.7,51.2,57.722
baseline_res18,cifar100,23,contrast,60.02,52.09,45.6,35.67,13.73,41.422
baseline_res18,cifar100,23,elastic_transform,53.22,53.42,50.76,47.32,44.96,49.936
baseline_res18,cifar100,23,pixelate,59.9,54.81,52.33,41.37,28.92,47.466
baseline_res18,cifar100,23,jpeg_compression,56.36,53.2,51.71,50.23,47.89,51.878
baseline_res18,cifar10,23,gaussian_noise,81.58,74.57,64.14,59.13,54.11,66.706
baseline_res18,cifar10,23,shot_noise,84.35,81.15,70.81,65.73,57.1,71.828
baseline_res18,cifar10,23,impulse_noise,81.69,75.77,69.04,54.58,41.73,64.562
baseline_res18,cifar10,23,defocus_blur,86.2,83.98,79.24,71.74,54.88,75.208
baseline_res18,cifar10,23,glass_blur,58.83,59.53,63.28,47.26,50.06,55.792
baseline_res18,cifar10,23,motion_blur,80.45,72.3,63.69,63.44,55.99,67.174
baseline_res18,cifar10,23,zoom_blur,78.09,75.73,71.59,67.22,60.54,70.634
baseline_res18,cifar10,23,snow,81.53,74.35,75.0,71.91,69.68,74.494
baseline_res18,cifar10,23,frost,83.29,78.52,70.87,70.91,63.3,73.378
baseline_res18,cifar10,23,fog,85.67,82.94,78.94,72.45,54.5,74.9
baseline_res18,cifar10,23,brightness,86.37,85.61,84.82,83.53,80.27,84.12
baseline_res18,cifar10,23,contrast,85.15,77.85,70.37,56.63,28.0,63.6
baseline_res18,cifar10,23,elastic_transform,79.42,79.53,76.17,72.19,69.22,75.306
baseline_res18,cifar10,23,pixelate,84.45,81.46,79.8,71.49,58.87,75.214
baseline_res18,cifar10,23,jpeg_compression,83.84,81.18,80.25,78.75,77.06,80.216
baseline_res50,cifar100,23,gaussian_noise,51.17,41.49,31.89,27.87,24.45,35.374
baseline_res50,cifar100,23,shot_noise,54.94,50.27,38.95,34.23,26.83,41.044
baseline_res50,cifar100,23,impulse_noise,50.44,41.3,32.19,21.62,14.96,32.102
baseline_res50,cifar100,23,defocus_blur,57.86,55.34,50.83,45.7,35.56,49.058
baseline_res50,cifar100,23,glass_blur,43.56,43.83,45.92,33.88,36.26,40.69
baseline_res50,cifar100,23,motion_blur,53.1,47.28,41.56,42.29,36.45,44.136
baseline_res50,cifar100,23,zoom_blur,50.69,48.66,45.71,43.34,38.98,45.476
baseline_res50,cifar100,23,snow,54.22,46.57,45.73,42.11,37.52,45.23
baseline_res50,cifar100,23,frost,52.68,46.63,39.83,39.06,34.4,42.52
baseline_res50,cifar100,23,fog,56.7,49.75,43.54,36.23,21.83,41.61
baseline_res50,cifar100,23,brightness,58.21,56.62,54.01,50.51,42.61,52.392
baseline_res50,cifar100,23,contrast,55.19,43.98,35.93,26.24,10.29,34.326
baseline_res50,cifar100,23,elastic_transform,49.86,49.93,47.53,44.57,43.53,47.084
baseline_res50,cifar100,23,pixelate,57.84,55.44,55.11,51.22,46.11,53.144
baseline_res50,cifar100,23,jpeg_compression,54.16,51.0,50.48,49.55,48.15,50.668
baseline_res50,cifar10,23,gaussian_noise,77.86,68.69,56.92,51.11,45.51,60.018
baseline_res50,cifar10,23,shot_noise,81.37,76.82,64.67,58.86,49.28,66.2
baseline_res50,cifar10,23,impulse_noise,80.95,75.46,68.96,52.62,38.72,63.342
baseline_res50,cifar10,23,defocus_blur,84.95,82.87,78.36,70.08,53.52,73.956
baseline_res50,cifar10,23,glass_blur,55.67,57.59,61.09,45.22,48.69,53.652
baseline_res50,cifar10,23,motion_blur,79.87,72.17,64.0,63.54,56.56,67.228
baseline_res50,cifar10,23,zoom_blur,78.08,75.12,70.81,65.95,59.17,69.826
baseline_res50,cifar10,23,snow,80.37,69.9,71.84,68.33,65.78,71.244
baseline_res50,cifar10,23,frost,80.46,75.73,66.56,66.16,58.16,69.414
baseline_res50,cifar10,23,fog,84.35,81.19,76.96,71.21,54.26,73.594
baseline_res50,cifar10,23,brightness,85.05,84.08,82.89,81.72,77.61,82.27
baseline_res50,cifar10,23,contrast,83.16,74.74,66.04,52.54,25.82,60.46
baseline_res50,cifar10,23,elastic_transform,78.82,78.86,75.06,71.83,68.64,74.642
baseline_res50,cifar10,23,pixelate,83.07,80.16,78.27,71.03,56.13,73.732
baseline_res50,cifar10,23,jpeg_compression,82.0,79.03,77.76,76.78,74.77,78.068
shape_res18,cifar100,23,gaussian_noise,52.42,41.19,33.07,28.89,25.26,36.166
shape_res18,cifar100,23,shot_noise,57.07,51.52,38.49,34.34,28.52,41.988
shape_res18,cifar100,23,impulse_noise,51.19,39.48,30.74,19.55,13.76,30.944
shape_res18,cifar100,23,defocus_blur,61.69,60.63,57.65,53.86,44.34,55.634
shape_res18,cifar100,23,glass_blur,42.9,45.18,45.13,31.35,33.41,39.594
shape_res18,cifar100,23,motion_blur,58.27,53.69,48.58,48.23,43.2,50.394
shape_res18,cifar100,23,zoom_blur,56.72,55.88,53.76,51.89,47.9,53.23
shape_res18,cifar100,23,snow,58.32,52.06,50.41,46.28,44.22,50.258
shape_res18,cifar100,23,frost,58.29,53.75,47.5,47.39,40.81,49.548
shape_res18,cifar100,23,fog,60.99,55.31,48.65,39.57,22.99,45.502
shape_res18,cifar100,23,brightness,61.73,61.1,59.77,57.52,51.67,58.358
shape_res18,cifar100,23,contrast,60.5,52.48,46.79,37.99,20.49,43.65
shape_res18,cifar100,23,elastic_transform,56.48,56.92,54.5,49.29,43.22,52.082
shape_res18,cifar100,23,pixelate,61.21,60.35,59.67,57.38,53.29,58.38
shape_res18,cifar100,23,jpeg_compression,55.41,52.04,50.9,50.08,47.44,51.174
shape_res18,cifar10,23,gaussian_noise,82.94,77.95,70.87,67.35,63.52,72.526
shape_res18,cifar10,23,shot_noise,84.53,82.6,75.64,71.99,66.4,76.232
shape_res18,cifar10,23,impulse_noise,83.0,77.49,72.74,60.97,49.67,68.774
shape_res18,cifar10,23,defocus_blur,85.94,84.33,81.75,78.5,69.05,79.914
shape_res18,cifar10,23,glass_blur,73.83,74.2,75.83,62.41,64.38,70.13
shape_res18,cifar10,23,motion_blur,83.27,78.77,72.94,72.52,67.21,74.942
shape_res18,cifar10,23,zoom_blur,81.09,79.94,77.75,75.39,71.9,77.214
shape_res18,cifar10,23,snow,83.05,78.58,77.28,73.83,73.12,77.172
shape_res18,cifar10,23,frost,83.64,80.31,75.99,75.4,70.51,77.17
shape_res18,cifar10,23,fog,85.47,81.94,76.51,68.04,47.45,71.882
shape_res18,cifar10,23,brightness,86.11,85.79,84.97,83.79,81.13,84.358
shape_res18,cifar10,23,contrast,84.9,78.96,74.18,67.41,51.68,71.426
shape_res18,cifar10,23,elastic_transform,81.12,81.38,79.21,75.12,70.62,77.49
shape_res18,cifar10,23,pixelate,85.47,84.75,83.96,82.19,78.76,83.026
shape_res18,cifar10,23,jpeg_compression,83.84,81.57,81.28,80.28,78.66,81.126
shape_res50,cifar100,23,gaussian_noise,56.09,47.66,38.87,34.97,30.93,41.704
shape_res50,cifar100,23,shot_noise,59.46,55.93,45.77,40.61,33.75,47.104
shape_res50,cifar100,23,impulse_noise,55.11,45.89,37.39,26.55,19.02,36.792
shape_res50,cifar100,23,defocus_blur,62.02,60.11,57.04,53.51,43.36,55.208
shape_res50,cifar100,23,glass_blur,46.51,47.4,47.85,35.23,35.51,42.5
shape_res50,cifar100,23,motion_blur,58.62,54.82,48.64,48.57,42.96,50.722
shape_res50,cifar100,23,zoom_blur,56.93,56.0,53.46,51.46,47.44,53.058
shape_res50,cifar100,23,snow,58.75,53.04,50.83,46.19,43.23,50.408
shape_res50,cifar100,23,frost,57.32,52.29,44.89,44.89,39.68,47.814
shape_res50,cifar100,23,fog,60.37,53.31,45.85,36.24,19.52,43.058
shape_res50,cifar100,23,brightness,62.22,61.0,58.57,56.28,49.16,57.446
shape_res50,cifar100,23,contrast,59.37,49.05,41.46,31.38,15.75,39.402
shape_res50,cifar100,23,elastic_transform,56.18,57.1,54.71,50.54,44.4,52.586
shape_res50,cifar100,23,pixelate,61.14,59.88,59.4,56.82,53.23,58.094
shape_res50,cifar100,23,jpeg_compression,57.17,54.24,53.11,51.53,50.03,53.216
shape_res50,cifar10,23,gaussian_noise,82.41,79.44,74.75,72.21,69.04,75.57
shape_res50,cifar10,23,shot_noise,83.45,82.28,78.37,75.83,71.59,78.304
shape_res50,cifar10,23,impulse_noise,81.74,78.03,74.23,65.39,56.43,71.164
shape_res50,cifar10,23,defocus_blur,84.21,82.54,80.19,77.06,65.96,77.992
shape_res50,cifar10,23,glass_blur,73.18,73.01,72.99,63.14,62.08,68.88
shape_res50,cifar10,23,motion_blur,80.95,76.11,69.77,69.75,63.82,72.08
shape_res50,cifar10,23,zoom_blur,78.99,78.2,75.9,73.45,68.9,75.088
shape_res50,cifar10,23,snow,82.12,77.8,75.82,70.67,69.42,75.166
shape_res50,cifar10,23,frost,81.16,76.94,70.99,71.01,65.27,73.074
shape_res50,cifar10,23,fog,83.01,77.67,70.63,60.53,39.27,66.222
shape_res50,cifar10,23,brightness,84.3,83.29,82.08,80.48,75.66,81.162
shape_res50,cifar10,23,contrast,81.9,72.71,67.1,60.49,47.56,65.952
shape_res50,cifar10,23,elastic_transform,79.34,79.41,77.08,72.3,67.79,75.184
shape_res50,cifar10,23,pixelate,84.45,82.9,82.52,80.82,79.1,81.958
shape_res50,cifar10,23,jpeg_compression,82.75,81.49,80.56,79.87,78.95,80.724
baseline_res18,cifar100,42,gaussian_noise,50.38,39.12,29.12,24.57,21.47,32.932
baseline_res18,cifar100,42,shot_noise,55.56,49.88,36.1,29.84,24.15,39.106
baseline_res18,cifar100,42,impulse_noise,53.28,43.02,33.15,21.02,14.05,32.904
baseline_res18,cifar100,42,defocus_blur,62.11,59.67,54.71,47.97,37.54,52.4
baseline_res18,cifar100,42,glass_blur,38.0,38.76,41.42,28.0,30.32,35.3
baseline_res18,cifar100,42,motion_blur,56.2,50.37,44.62,44.71,39.32,47.044
baseline_res18,cifar100,42,zoom_blur,54.34,52.24,49.07,45.48,40.73,48.372
baseline_res18,cifar100,42,snow,56.93,47.47,47.99,45.63,41.72,47.948
baseline_res18,cifar100,42,frost,57.48,52.64,45.47,44.31,37.52,47.484
baseline_res18,cifar100,42,fog,60.95,56.77,52.81,46.14,31.57,49.648
baseline_res18,cifar100,42,brightness,62.17,61.25,59.72,57.91,52.12,58.634
baseline_res18,cifar100,42,contrast,60.45,53.42,46.94,38.58,17.08,43.294
baseline_res18,cifar100,42,elastic_transform,53.91,54.19,51.83,47.86,45.31,50.62
baseline_res18,cifar100,42,pixelate,59.62,55.49,53.64,43.78,30.27,48.56
baseline_res18,cifar100,42,jpeg_compression,55.6,52.27,51.31,49.78,47.31,51.254
baseline_res18,cifar10,42,gaussian_noise,78.8,69.74,57.33,50.78,46.27,60.584
baseline_res18,cifar10,42,shot_noise,82.19,77.31,64.87,58.72,49.25,66.468
baseline_res18,cifar10,42,impulse_noise,80.67,73.01,65.11,48.14,34.23,60.232
baseline_res18,cifar10,42,defocus_blur,85.72,84.3,79.37,71.44,56.42,75.45
baseline_res18,cifar10,42,glass_blur,52.73,54.35,57.79,41.54,44.84,50.25
baseline_res18,cifar10,42,motion_blur,79.87,72.52,63.6,63.79,57.14,67.384
baseline_res18,cifar10,42,zoom_blur,77.83,75.02,70.81,65.66,58.66,69.596
baseline_res18,cifar10,42,snow,80.7,70.37,72.78,69.71,66.21,71.954
baseline_res18,cifar10,42,frost,81.95,76.48,67.98,66.25,57.42,70.016
baseline_res18,cifar10,42,fog,85.58,82.96,79.35,74.3,58.08,76.054
baseline_res18,cifar10,42,brightness,85.64,85.36,84.65,83.88,80.58,84.022
baseline_res18,cifar10,42,contrast,85.17,78.76,71.61,59.26,30.46,65.052
baseline_res18,cifar10,42,elastic_transform,79.73,79.46,76.23,71.55,68.42,75.078
baseline_res18,cifar10,42,pixelate,83.34,79.41,76.46,65.54,48.16,70.582
baseline_res18,cifar10,42,jpeg_compression,82.53,79.72,78.91,77.1,74.87,78.626
baseline_res50,cifar100,42,gaussian_noise,45.76,34.61,25.75,21.66,19.03,29.362
baseline_res50,cifar100,42,shot_noise,52.0,45.03,31.88,27.12,20.69,35.344
baseline_res50,cifar100,42,impulse_noise,54.17,45.29,36.03,23.24,15.67,34.88
baseline_res50,cifar100,42,defocus_blur,60.1,56.87,50.36,43.27,31.57,48.434
baseline_res50,cifar100,42,glass_blur,30.28,31.79,32.82,24.02,24.7,28.722
baseline_res50,cifar100,42,motion_blur,53.79,46.96,40.99,40.82,34.28,43.368
baseline_res50,cifar100,42,zoom_blur,50.06,47.42,43.57,40.33,35.95,43.466
baseline_res50,cifar100,42,snow,54.6,43.52,45.55,42.55,37.65,44.774
baseline_res50,cifar100,42,frost,54.08,46.99,38.17,37.67,29.43,41.268
baseline_res50,cifar100,42,fog,59.3,53.62,47.89,40.78,25.12,45.342
baseline_res50,cifar100,42,brightness,60.1,59.17,57.49,54.9,48.59,56.05
baseline_res50,cifar100,42,contrast,58.39,47.96,40.33,30.46,12.25,37.878
baseline_res50,cifar100,42,elastic_transform,51.41,51.01,47.05,43.81,40.78,46.812
baseline_res50,cifar100,42,pixelate,57.58,50.81,46.93,35.52,23.19,42.806
baseline_res50,cifar100,42,jpeg_compression,54.06,50.15,48.89,46.47,44.83,48.88
baseline_res50,cifar10,42,gaussian_noise,79.41,69.58,58.0,51.73,46.79,61.102
baseline_res50,cifar10,42,shot_noise,82.38,78.1,65.29,60.0,50.68,67.29
baseline_res50,cifar10,42,impulse_noise,81.43,74.81,66.58,52.01,38.9,62.746
baseline_res50,cifar10,42,defocus_blur,86.58,84.43,79.7,71.13,56.14,75.596
baseline_res50,cifar10,42,glass_blur,52.6,54.7,57.97,41.23,44.57,50.214
baseline_res50,cifar10,42,motion_blur,80.67,72.5,64.63,63.8,56.38,67.596
baseline_res50,cifar10,42,zoom_blur,78.46,75.87,71.24,66.57,59.38,70.304
baseline_res50,cifar10,42,snow,80.33,68.79,72.08,68.56,64.82,70.916
baseline_res50,cifar10,42,frost,82.63,76.64,67.59,67.03,57.38,70.254
baseline_res50,cifar10,42,fog,86.24,83.88,80.19,75.3,59.29,76.98
baseline_res50,cifar10,42,brightness,86.75,86.18,85.19,84.01,80.73,84.572
baseline_res50,cifar10,42,contrast,85.37,78.13,70.74,57.73,29.37,64.268
baseline_res50,cifar10,42,elastic_transform,80.23,79.76,76.58,71.84,67.46,75.174
baseline_res50,cifar10,42,pixelate,84.2,80.32,77.43,67.11,50.08,71.828
baseline_res50,cifar10,42,jpeg_compression,82.44,79.42,78.22,76.9,74.52,78.3
shape_res18,cifar100,42,gaussian_noise,52.72,43.12,34.04,30.24,27.17,37.458
shape_res18,cifar100,42,shot_noise,57.36,52.13,40.1,36.17,29.76,43.104
shape_res18,cifar100,42,impulse_noise,51.84,39.91,31.66,20.21,14.24,31.572
shape_res18,cifar100,42,defocus_blur,62.1,60.02,56.98,53.22,42.93,55.05
shape_res18,cifar100,42,glass_blur,44.58,45.76,46.72,32.94,34.71,40.942
shape_res18,cifar100,42,motion_blur,58.88,54.06,48.17,48.35,42.83,50.458
shape_res18,cifar100,42,zoom_blur,57.38,56.05,53.55,50.94,47.01,52.986
shape_res18,cifar100,42,snow,58.37,52.48,50.09,46.14,44.73,50.362
shape_res18,cifar100,42,frost,58.34,53.47,47.5,46.87,40.8,49.396
shape_res18,cifar100,42,fog,61.08,55.19,48.58,38.76,22.03,45.128
shape_res18,cifar100,42,brightness,62.44,61.19,59.63,56.91,50.61,58.156
shape_res18,cifar100,42,contrast,60.59,51.6,45.05,35.94,17.54,42.144
shape_res18,cifar100,42,elastic_transform,55.78,55.91,54.74,49.58,42.57,51.716
shape_res18,cifar100,42,pixelate,61.62,60.14,59.88,57.31,52.35,58.26
shape_res18,cifar100,42,jpeg_compression,56.16,52.85,51.51,50.75,48.52,51.958
shape_res18,cifar10,42,gaussian_noise,82.76,77.84,70.56,66.5,63.15,72.162
shape_res18,cifar10,42,shot_noise,84.51,82.35,75.17,71.57,65.64,75.848
shape_res18,cifar10,42,impulse_noise,81.97,77.12,71.57,60.86,50.62,68.428
shape_res18,cifar10,42,defocus_blur,85.88,84.76,82.25,78.53,68.3,79.944
shape_res18,cifar10,42,glass_blur,72.98,73.24,74.94,60.97,63.57,69.14
shape_res18,cifar10,42,motion_blur,83.08,78.27,72.11,72.49,64.95,74.18
shape_res18,cifar10,42,zoom_blur,81.25,80.16,77.45,75.26,70.71,76.966
shape_res18,cifar10,42,snow,82.98,77.95,77.06,73.39,73.0,76.876
shape_res18,cifar10,42,frost,83.38,79.96,74.72,74.79,69.31,76.432
shape_res18,cifar10,42,fog,85.17,81.59,76.75,69.11,49.95,72.514
shape_res18,cifar10,42,brightness,85.99,85.4,84.44,83.48,80.47,83.956
shape_res18,cifar10,42,contrast,84.88,78.37,72.88,65.37,49.45,70.19
shape_res18,cifar10,42,elastic_transform,81.7,81.58,79.55,75.17,70.85,77.77
shape_res18,cifar10,42,pixelate,85.05,83.53,82.86,79.07,74.66,81.034
shape_res18,cifar10,42,jpeg_compression,83.82,81.97,81.47,80.51,79.52,81.458
shape_res50,cifar100,42,gaussian_noise,55.66,48.72,39.75,35.38,30.72,42.046
shape_res50,cifar100,42,shot_noise,59.23,55.47,45.86,41.8,34.24,47.32
shape_res50,cifar100,42,impulse_noise,54.67,45.97,37.24,26.13,18.86,36.574
shape_res50,cifar100,42,defocus_blur,61.48,59.53,56.42,52.72,42.73,54.576
shape_res50,cifar100,42,glass_blur,47.18,47.6,47.94,36.22,37.87,43.362
shape_res50,cifar100,42,motion_blur,57.96,53.09,48.27,47.51,42.66,49.898
shape_res50,cifar100,42,zoom_blur,56.32,55.48,53.17,50.5,47.09,52.512
shape_res50,cifar100,42,snow,58.45,53.24,51.4,46.69,43.57,50.67
shape_res50,cifar100,42,frost,57.34,52.05,46.23,45.46,40.39,48.294
shape_res50,cifar100,42,fog,60.02,53.63,45.68,36.37,19.93,43.126
shape_res50,cifar100,42,brightness,62.15,60.67,58.77,56.33,49.85,57.554
shape_res50,cifar100,42,contrast,59.2,48.5,41.7,31.81,15.17,39.276
shape_res50,cifar100,42,elastic_transform,55.75,55.93,53.14,49.03,43.99,51.568
shape_res50,cifar100,42,pixelate,60.87,59.98,59.81,57.32,54.13,58.422
shape_res50,cifar100,42,jpeg_compression,56.96,53.59,52.82,51.35,49.71,52.886
shape_res50,cifar10,42,gaussian_noise,82.37,79.22,75.28,72.33,69.54,75.748
shape_res50,cifar10,42,shot_noise,83.47,82.35,77.97,75.61,71.72,78.224
shape_res50,cifar10,42,impulse_noise,82.01,78.34,73.82,65.1,56.35,71.124
shape_res50,cifar10,42,defocus_blur,84.17,83.01,81.04,78.3,67.9,78.884
shape_res50,cifar10,42,glass_blur,73.88,73.91,73.59,63.78,63.43,69.718
shape_res50,cifar10,42,motion_blur,81.54,76.49,69.1,69.93,63.32,72.076
shape_res50,cifar10,42,zoom_blur,80.0,79.39,77.1,74.54,70.42,76.29
shape_res50,cifar10,42,snow,81.8,77.63,75.3,70.77,69.72,75.044
shape_res50,cifar10,42,frost,80.84,77.25,71.37,71.5,66.49,73.49
shape_res50,cifar10,42,fog,83.07,78.1,71.03,60.61,39.63,66.488
shape_res50,cifar10,42,brightness,84.21,83.4,81.99,80.5,76.64,81.348
shape_res50,cifar10,42,contrast,82.3,72.73,67.31,59.63,46.25,65.644
shape_res50,cifar10,42,elastic_transform,79.49,79.35,77.39,73.17,69.03,75.686
shape_res50,cifar10,42,pixelate,84.07,83.15,82.81,81.1,79.61,82.148
shape_res50,cifar10,42,jpeg_compression,83.14,81.74,80.96,80.2,79.47,81.102
